{
	"enemies" : 
	{
		"1" : 
		{
			"position" : 
			[
				[
					169.519775390625,
					412.0120849609375
				],
				[
					1819.1236572265625,
					293.353759765625
				],
				[
					1828.9097900390625,
					321.87423706054688
				]
			]
		},
		"2" : 
		{
			"position" : 
			[
				[
					518.32763671875,
					146.04779052734375
				],
				[
					472.20584106445312,
					991.6312255859375
				],
				[
					1342.8779296875,
					462.29132080078125
				]
			]
		},
		"3" : 
		{
			"position" : 
			[
				[
					320.07794189453125,
					597.44482421875
				],
				[
					461.83035278320312,
					269.37631225585938
				],
				[
					1746.702392578125,
					488.58261108398438
				]
			]
		}
	},
	"gameInfo" : 
	{
		"is_boss_finished" : false,
		"is_intro_finished" : false
	},
	"player" : 
	{
		"level" : 1,
		"position" : 
		[
			1024.0,
			576.0
		]
	}
}