{
	"enemies" : 
	{
		"1" : 
		{
			"position" : 
			[
				[
					869.64508056640625,
					932.9344482421875
				],
				[
					741.601806640625,
					320.84420776367188
				],
				[
					425.98178100585938,
					860.1444091796875
				]
			]
		},
		"2" : 
		{
			"position" : 
			[
				[
					1864.8717041015625,
					868.72344970703125
				],
				[
					1849.2022705078125,
					687.7283935546875
				],
				[
					1748.1064453125,
					640.00970458984375
				]
			]
		},
		"3" : 
		{
			"position" : 
			[
				[
					296.27984619140625,
					212.31063842773438
				],
				[
					298.468017578125,
					670.0155029296875
				],
				[
					1938.0311279296875,
					235.61796569824219
				]
			]
		}
	},
	"gameInfo" : 
	{
		"is_boss_finished" : false,
		"is_intro_finished" : true
	},
	"player" : 
	{
		"level" : 2,
		"position" : 
		[
			1517.43310546875,
			933.989990234375
		]
	}
}